timestamp,context,sku,order_id,reason
2025-11-28T20:32:54.607Z,OrderResponseParsing,undefined,692a06ea71280243acb1b324,Listing not found for SKU
2025-11-28T20:32:54.916Z,OrderResponseParsing,undefined,692a06ea71280243acb1b324,Listing not found for SKU
2025-11-28T20:32:55.212Z,OrderResponseParsing,undefined,692a06ea71280243acb1b324,Listing not found for SKU
2025-11-28T20:32:55.527Z,OrderResponseParsing,undefined,692a06eb71280243acb1b32c,Listing not found for SKU
2025-11-28T20:32:55.830Z,OrderResponseParsing,undefined,692a06eb71280243acb1b32c,Listing not found for SKU
2025-11-28T20:32:56.125Z,OrderResponseParsing,undefined,692a06eb71280243acb1b32c,Listing not found for SKU
2025-11-28T20:32:56.427Z,OrderResponseParsing,undefined,692a06eb71280243acb1b332,Listing not found for SKU
2025-11-28T20:32:56.727Z,OrderResponseParsing,undefined,692a06eb71280243acb1b332,Listing not found for SKU
2025-11-28T20:32:57.028Z,OrderResponseParsing,undefined,692a06eb71280243acb1b332,Listing not found for SKU
2025-11-28T20:32:57.325Z,OrderResponseParsing,undefined,692a06ec71280243acb1b338,Listing not found for SKU
2025-11-28T20:32:57.618Z,OrderResponseParsing,undefined,692a06ec71280243acb1b338,Listing not found for SKU
2025-11-28T20:32:57.926Z,OrderResponseParsing,undefined,692a06ec71280243acb1b338,Listing not found for SKU
2025-11-28T20:32:58.236Z,OrderResponseParsing,undefined,692a06ed71280243acb1b33e,Listing not found for SKU
2025-11-28T20:32:58.532Z,OrderResponseParsing,undefined,692a06ed71280243acb1b33e,Listing not found for SKU
2025-11-28T20:32:58.842Z,OrderResponseParsing,undefined,692a06ed71280243acb1b33e,Listing not found for SKU
2025-11-28T20:33:10.811Z,OrderResponseParsing,undefined,692a06fa71280243acb1b364,Listing not found for SKU
2025-11-28T20:33:11.106Z,OrderResponseParsing,undefined,692a06fa71280243acb1b364,Listing not found for SKU
2025-11-28T20:33:11.409Z,OrderResponseParsing,undefined,692a06fa71280243acb1b364,Listing not found for SKU
2025-11-28T20:33:11.705Z,OrderResponseParsing,undefined,692a06fb71280243acb1b36a,Listing not found for SKU
2025-11-28T20:33:11.977Z,OrderResponseParsing,undefined,692a06fb71280243acb1b36a,Listing not found for SKU
2025-11-28T20:33:12.280Z,OrderResponseParsing,undefined,692a06fb71280243acb1b36a,Listing not found for SKU
2025-11-28T20:33:12.569Z,OrderResponseParsing,undefined,692a06fc71280243acb1b370,Listing not found for SKU
2025-11-28T20:33:12.855Z,OrderResponseParsing,undefined,692a06fc71280243acb1b370,Listing not found for SKU
2025-11-28T20:33:13.157Z,OrderResponseParsing,undefined,692a06fc71280243acb1b370,Listing not found for SKU
2025-11-28T20:33:13.490Z,OrderResponseParsing,undefined,692a06fd71280243acb1b376,Listing not found for SKU
2025-11-28T20:33:13.801Z,OrderResponseParsing,undefined,692a06fd71280243acb1b376,Listing not found for SKU
2025-11-28T20:33:14.106Z,OrderResponseParsing,undefined,692a06fd71280243acb1b376,Listing not found for SKU
2025-11-28T20:33:14.406Z,OrderResponseParsing,undefined,692a06fe71280243acb1b37c,Listing not found for SKU
2025-11-28T20:33:15.117Z,OrderResponseParsing,undefined,692a06fe71280243acb1b37c,Listing not found for SKU
2025-11-28T20:33:15.725Z,OrderResponseParsing,undefined,692a06fe71280243acb1b37c,Listing not found for SKU
2025-11-28T20:43:40.463Z,OrderResponseParsing,undefined,692a0970ee91de00e7b1b112,Listing not found for SKU
2025-11-28T20:43:40.759Z,OrderResponseParsing,undefined,692a0970ee91de00e7b1b112,Listing not found for SKU
2025-11-28T20:43:41.072Z,OrderResponseParsing,undefined,692a0970ee91de00e7b1b112,Listing not found for SKU
2025-11-28T20:43:41.373Z,OrderResponseParsing,undefined,692a0970ee91de00e7b1b112,Listing not found for SKU
2025-11-28T20:43:41.722Z,OrderResponseParsing,undefined,692a0970ee91de00e7b1b112,Listing not found for SKU
2025-11-28T20:43:42.012Z,OrderResponseParsing,undefined,692a0970ee91de00e7b1b112,Listing not found for SKU
2025-11-28T20:43:42.301Z,OrderResponseParsing,undefined,692a0970ee91de00e7b1b112,Listing not found for SKU
2025-11-28T20:43:42.602Z,OrderResponseParsing,undefined,692a0970ee91de00e7b1b112,Listing not found for SKU
2025-11-28T20:43:42.912Z,OrderResponseParsing,undefined,692a0970ee91de00e7b1b112,Listing not found for SKU
2025-11-28T20:43:43.213Z,OrderResponseParsing,undefined,692a0970ee91de00e7b1b112,Listing not found for SKU
2025-11-28T20:43:43.525Z,OrderResponseParsing,undefined,692a0970ee91de00e7b1b112,Listing not found for SKU
2025-11-28T20:43:43.812Z,OrderResponseParsing,undefined,692a0970ee91de00e7b1b112,Listing not found for SKU
2025-11-28T20:43:44.116Z,OrderResponseParsing,undefined,692a0970ee91de00e7b1b112,Listing not found for SKU
2025-11-28T20:43:44.431Z,OrderResponseParsing,undefined,692a0970ee91de00e7b1b112,Listing not found for SKU
2025-11-28T20:43:44.755Z,OrderResponseParsing,undefined,692a0970ee91de00e7b1b112,Listing not found for SKU
2025-11-28T20:43:45.063Z,OrderResponseParsing,undefined,692a0971ee91de00e7b1b11a,Listing not found for SKU
2025-11-28T20:43:45.361Z,OrderResponseParsing,undefined,692a0971ee91de00e7b1b11a,Listing not found for SKU
2025-11-28T20:43:45.683Z,OrderResponseParsing,undefined,692a0971ee91de00e7b1b11a,Listing not found for SKU
2025-11-28T20:43:45.987Z,OrderResponseParsing,undefined,692a0971ee91de00e7b1b11a,Listing not found for SKU
2025-11-28T20:43:46.271Z,OrderResponseParsing,undefined,692a0971ee91de00e7b1b11a,Listing not found for SKU
2025-11-28T20:43:46.592Z,OrderResponseParsing,undefined,692a0971ee91de00e7b1b11a,Listing not found for SKU
2025-11-28T20:43:46.936Z,OrderResponseParsing,undefined,692a0971ee91de00e7b1b11a,Listing not found for SKU
2025-11-28T20:43:47.232Z,OrderResponseParsing,undefined,692a0971ee91de00e7b1b11a,Listing not found for SKU
2025-11-28T20:43:47.546Z,OrderResponseParsing,undefined,692a0971ee91de00e7b1b11a,Listing not found for SKU
2025-11-28T20:43:47.844Z,OrderResponseParsing,undefined,692a0971ee91de00e7b1b11a,Listing not found for SKU
2025-11-28T20:43:48.205Z,OrderResponseParsing,undefined,692a0971ee91de00e7b1b11a,Listing not found for SKU
2025-11-28T20:43:48.603Z,OrderResponseParsing,undefined,692a0971ee91de00e7b1b11a,Listing not found for SKU
2025-11-28T20:43:48.897Z,OrderResponseParsing,undefined,692a0971ee91de00e7b1b11a,Listing not found for SKU
2025-11-28T20:43:49.194Z,OrderResponseParsing,undefined,692a0971ee91de00e7b1b11a,Listing not found for SKU
2025-11-28T20:43:49.501Z,OrderResponseParsing,undefined,692a0971ee91de00e7b1b11a,Listing not found for SKU
2025-11-28T20:43:49.836Z,OrderResponseParsing,undefined,692a0971ee91de00e7b1b120,Listing not found for SKU
2025-11-28T20:43:50.143Z,OrderResponseParsing,undefined,692a0971ee91de00e7b1b120,Listing not found for SKU
2025-11-28T20:43:50.431Z,OrderResponseParsing,undefined,692a0971ee91de00e7b1b120,Listing not found for SKU
2025-11-28T20:43:50.740Z,OrderResponseParsing,undefined,692a0971ee91de00e7b1b120,Listing not found for SKU
2025-11-28T20:43:51.073Z,OrderResponseParsing,undefined,692a0971ee91de00e7b1b120,Listing not found for SKU
2025-11-28T20:43:51.380Z,OrderResponseParsing,undefined,692a0971ee91de00e7b1b120,Listing not found for SKU
2025-11-28T20:43:51.680Z,OrderResponseParsing,undefined,692a0971ee91de00e7b1b120,Listing not found for SKU
2025-11-28T20:43:51.981Z,OrderResponseParsing,undefined,692a0971ee91de00e7b1b120,Listing not found for SKU
2025-11-28T20:43:52.290Z,OrderResponseParsing,undefined,692a0971ee91de00e7b1b120,Listing not found for SKU
2025-11-28T20:43:52.573Z,OrderResponseParsing,undefined,692a0971ee91de00e7b1b120,Listing not found for SKU
2025-11-28T20:43:52.883Z,OrderResponseParsing,undefined,692a0971ee91de00e7b1b120,Listing not found for SKU
2025-11-28T20:43:53.202Z,OrderResponseParsing,undefined,692a0971ee91de00e7b1b120,Listing not found for SKU
2025-11-28T20:43:53.513Z,OrderResponseParsing,undefined,692a0971ee91de00e7b1b120,Listing not found for SKU
2025-11-28T20:43:53.988Z,OrderResponseParsing,undefined,692a0971ee91de00e7b1b120,Listing not found for SKU
2025-11-28T20:43:54.296Z,OrderResponseParsing,undefined,692a0971ee91de00e7b1b120,Listing not found for SKU
2025-11-28T20:43:54.595Z,OrderResponseParsing,undefined,692a0972ee91de00e7b1b126,Listing not found for SKU
2025-11-28T20:43:54.901Z,OrderResponseParsing,undefined,692a0972ee91de00e7b1b126,Listing not found for SKU
2025-11-28T20:43:55.200Z,OrderResponseParsing,undefined,692a0972ee91de00e7b1b126,Listing not found for SKU
2025-11-28T20:43:55.503Z,OrderResponseParsing,undefined,692a0972ee91de00e7b1b126,Listing not found for SKU
2025-11-28T20:43:55.805Z,OrderResponseParsing,undefined,692a0972ee91de00e7b1b126,Listing not found for SKU
2025-11-28T20:43:56.101Z,OrderResponseParsing,undefined,692a0972ee91de00e7b1b126,Listing not found for SKU
2025-11-28T20:43:56.397Z,OrderResponseParsing,undefined,692a0972ee91de00e7b1b126,Listing not found for SKU
2025-11-28T20:43:56.701Z,OrderResponseParsing,undefined,692a0972ee91de00e7b1b126,Listing not found for SKU
2025-11-28T20:43:57.023Z,OrderResponseParsing,undefined,692a0972ee91de00e7b1b126,Listing not found for SKU
2025-11-28T20:43:57.312Z,OrderResponseParsing,undefined,692a0972ee91de00e7b1b126,Listing not found for SKU
2025-11-28T20:43:57.644Z,OrderResponseParsing,undefined,692a0972ee91de00e7b1b126,Listing not found for SKU
2025-11-28T20:43:57.942Z,OrderResponseParsing,undefined,692a0972ee91de00e7b1b126,Listing not found for SKU
2025-11-28T20:43:58.246Z,OrderResponseParsing,undefined,692a0972ee91de00e7b1b126,Listing not found for SKU
2025-11-28T20:43:58.548Z,OrderResponseParsing,undefined,692a0972ee91de00e7b1b126,Listing not found for SKU
2025-11-28T20:43:58.835Z,OrderResponseParsing,undefined,692a0972ee91de00e7b1b126,Listing not found for SKU
2025-11-28T20:43:59.135Z,OrderResponseParsing,undefined,692a0973ee91de00e7b1b12c,Listing not found for SKU
2025-11-28T20:43:59.451Z,OrderResponseParsing,undefined,692a0973ee91de00e7b1b12c,Listing not found for SKU
2025-11-28T20:43:59.767Z,OrderResponseParsing,undefined,692a0973ee91de00e7b1b12c,Listing not found for SKU
2025-11-28T20:44:00.090Z,OrderResponseParsing,undefined,692a0973ee91de00e7b1b12c,Listing not found for SKU
2025-11-28T20:44:00.702Z,OrderResponseParsing,undefined,692a0973ee91de00e7b1b12c,Listing not found for SKU
2025-11-28T20:44:01.054Z,OrderResponseParsing,undefined,692a0973ee91de00e7b1b12c,Listing not found for SKU
2025-11-28T20:44:01.356Z,OrderResponseParsing,undefined,692a0973ee91de00e7b1b12c,Listing not found for SKU
2025-11-28T20:44:01.674Z,OrderResponseParsing,undefined,692a0973ee91de00e7b1b12c,Listing not found for SKU
2025-11-28T20:44:01.982Z,OrderResponseParsing,undefined,692a0973ee91de00e7b1b12c,Listing not found for SKU
2025-11-28T20:44:02.291Z,OrderResponseParsing,undefined,692a0973ee91de00e7b1b12c,Listing not found for SKU
2025-11-28T20:44:02.614Z,OrderResponseParsing,undefined,692a0973ee91de00e7b1b12c,Listing not found for SKU
2025-11-28T20:44:02.918Z,OrderResponseParsing,undefined,692a0973ee91de00e7b1b12c,Listing not found for SKU
2025-11-28T20:44:03.224Z,OrderResponseParsing,undefined,692a0973ee91de00e7b1b12c,Listing not found for SKU
2025-11-28T20:44:03.527Z,OrderResponseParsing,undefined,692a0973ee91de00e7b1b12c,Listing not found for SKU
2025-11-28T20:44:03.868Z,OrderResponseParsing,undefined,692a0973ee91de00e7b1b12c,Listing not found for SKU
2025-11-28T20:44:15.743Z,OrderResponseParsing,undefined,692a0994ee91de00e7b1b1ca,Listing not found for SKU
2025-11-28T20:44:16.072Z,OrderResponseParsing,undefined,692a0994ee91de00e7b1b1ca,Listing not found for SKU
2025-11-28T20:44:16.392Z,OrderResponseParsing,undefined,692a0994ee91de00e7b1b1ca,Listing not found for SKU
2025-11-28T20:44:16.691Z,OrderResponseParsing,undefined,692a0994ee91de00e7b1b1ca,Listing not found for SKU
2025-11-28T20:44:17.381Z,OrderResponseParsing,undefined,692a0994ee91de00e7b1b1ca,Listing not found for SKU
2025-11-28T20:44:17.691Z,OrderResponseParsing,undefined,692a0994ee91de00e7b1b1ca,Listing not found for SKU
2025-11-28T20:44:18.111Z,OrderResponseParsing,undefined,692a0994ee91de00e7b1b1ca,Listing not found for SKU
2025-11-28T20:44:18.516Z,OrderResponseParsing,undefined,692a0994ee91de00e7b1b1ca,Listing not found for SKU
2025-11-28T20:44:18.871Z,OrderResponseParsing,undefined,692a0994ee91de00e7b1b1ca,Listing not found for SKU
2025-11-28T20:44:19.180Z,OrderResponseParsing,undefined,692a0994ee91de00e7b1b1ca,Listing not found for SKU
2025-11-28T20:44:19.479Z,OrderResponseParsing,undefined,692a0994ee91de00e7b1b1ca,Listing not found for SKU
2025-11-28T20:44:19.791Z,OrderResponseParsing,undefined,692a0994ee91de00e7b1b1ca,Listing not found for SKU
2025-11-28T20:44:20.108Z,OrderResponseParsing,undefined,692a0994ee91de00e7b1b1ca,Listing not found for SKU
2025-11-28T20:44:20.412Z,OrderResponseParsing,undefined,692a0994ee91de00e7b1b1ca,Listing not found for SKU
2025-11-28T20:44:20.737Z,OrderResponseParsing,undefined,692a0994ee91de00e7b1b1ca,Listing not found for SKU
2025-11-28T20:44:21.051Z,OrderResponseParsing,undefined,692a0994ee91de00e7b1b1d0,Listing not found for SKU
2025-11-28T20:44:21.333Z,OrderResponseParsing,undefined,692a0994ee91de00e7b1b1d0,Listing not found for SKU
2025-11-28T20:44:21.638Z,OrderResponseParsing,undefined,692a0994ee91de00e7b1b1d0,Listing not found for SKU
2025-11-28T20:44:21.932Z,OrderResponseParsing,undefined,692a0994ee91de00e7b1b1d0,Listing not found for SKU
2025-11-28T20:44:22.253Z,OrderResponseParsing,undefined,692a0994ee91de00e7b1b1d0,Listing not found for SKU
2025-11-28T20:44:22.583Z,OrderResponseParsing,undefined,692a0994ee91de00e7b1b1d0,Listing not found for SKU
2025-11-28T20:44:22.873Z,OrderResponseParsing,undefined,692a0994ee91de00e7b1b1d0,Listing not found for SKU
2025-11-28T20:44:23.180Z,OrderResponseParsing,undefined,692a0994ee91de00e7b1b1d0,Listing not found for SKU
2025-11-28T20:44:23.498Z,OrderResponseParsing,undefined,692a0994ee91de00e7b1b1d0,Listing not found for SKU
2025-11-28T20:44:23.812Z,OrderResponseParsing,undefined,692a0994ee91de00e7b1b1d0,Listing not found for SKU
2025-11-28T20:44:24.127Z,OrderResponseParsing,undefined,692a0994ee91de00e7b1b1d0,Listing not found for SKU
2025-11-28T20:44:24.430Z,OrderResponseParsing,undefined,692a0994ee91de00e7b1b1d0,Listing not found for SKU
2025-11-28T20:44:24.728Z,OrderResponseParsing,undefined,692a0994ee91de00e7b1b1d0,Listing not found for SKU
2025-11-28T20:44:25.020Z,OrderResponseParsing,undefined,692a0994ee91de00e7b1b1d0,Listing not found for SKU
2025-11-28T20:44:25.322Z,OrderResponseParsing,undefined,692a0994ee91de00e7b1b1d0,Listing not found for SKU
2025-11-28T20:44:25.625Z,OrderResponseParsing,undefined,692a0995ee91de00e7b1b1d6,Listing not found for SKU
2025-11-28T20:44:25.921Z,OrderResponseParsing,undefined,692a0995ee91de00e7b1b1d6,Listing not found for SKU
2025-11-28T20:44:26.306Z,OrderResponseParsing,undefined,692a0995ee91de00e7b1b1d6,Listing not found for SKU
2025-11-28T20:44:26.611Z,OrderResponseParsing,undefined,692a0995ee91de00e7b1b1d6,Listing not found for SKU
2025-11-28T20:44:27.024Z,OrderResponseParsing,undefined,692a0995ee91de00e7b1b1d6,Listing not found for SKU
2025-11-28T20:44:27.342Z,OrderResponseParsing,undefined,692a0995ee91de00e7b1b1d6,Listing not found for SKU
2025-11-28T20:44:27.648Z,OrderResponseParsing,undefined,692a0995ee91de00e7b1b1d6,Listing not found for SKU
2025-11-28T20:44:27.985Z,OrderResponseParsing,undefined,692a0995ee91de00e7b1b1d6,Listing not found for SKU
2025-11-28T20:44:28.292Z,OrderResponseParsing,undefined,692a0995ee91de00e7b1b1d6,Listing not found for SKU
2025-11-28T20:44:28.617Z,OrderResponseParsing,undefined,692a0995ee91de00e7b1b1d6,Listing not found for SKU
2025-11-28T20:44:28.965Z,OrderResponseParsing,undefined,692a0995ee91de00e7b1b1d6,Listing not found for SKU
2025-11-28T20:44:29.250Z,OrderResponseParsing,undefined,692a0995ee91de00e7b1b1d6,Listing not found for SKU
2025-11-28T20:44:29.547Z,OrderResponseParsing,undefined,692a0995ee91de00e7b1b1d6,Listing not found for SKU
2025-11-28T20:44:29.838Z,OrderResponseParsing,undefined,692a0995ee91de00e7b1b1d6,Listing not found for SKU
2025-11-28T20:44:30.148Z,OrderResponseParsing,undefined,692a0995ee91de00e7b1b1d6,Listing not found for SKU
2025-11-28T20:44:30.474Z,OrderResponseParsing,undefined,692a0996ee91de00e7b1b1dc,Listing not found for SKU
2025-11-28T20:44:30.785Z,OrderResponseParsing,undefined,692a0996ee91de00e7b1b1dc,Listing not found for SKU
2025-11-28T20:44:31.164Z,OrderResponseParsing,undefined,692a0996ee91de00e7b1b1dc,Listing not found for SKU
2025-11-28T20:44:31.451Z,OrderResponseParsing,undefined,692a0996ee91de00e7b1b1dc,Listing not found for SKU
2025-11-28T20:44:31.769Z,OrderResponseParsing,undefined,692a0996ee91de00e7b1b1dc,Listing not found for SKU
2025-11-28T20:44:32.054Z,OrderResponseParsing,undefined,692a0996ee91de00e7b1b1dc,Listing not found for SKU
2025-11-28T20:44:32.396Z,OrderResponseParsing,undefined,692a0996ee91de00e7b1b1dc,Listing not found for SKU
2025-11-28T20:44:32.728Z,OrderResponseParsing,undefined,692a0996ee91de00e7b1b1dc,Listing not found for SKU
2025-11-28T20:44:33.045Z,OrderResponseParsing,undefined,692a0996ee91de00e7b1b1dc,Listing not found for SKU
2025-11-28T20:44:33.351Z,OrderResponseParsing,undefined,692a0996ee91de00e7b1b1dc,Listing not found for SKU
2025-11-28T20:44:33.692Z,OrderResponseParsing,undefined,692a0996ee91de00e7b1b1dc,Listing not found for SKU
2025-11-28T20:44:33.978Z,OrderResponseParsing,undefined,692a0996ee91de00e7b1b1dc,Listing not found for SKU
2025-11-28T20:44:34.270Z,OrderResponseParsing,undefined,692a0996ee91de00e7b1b1dc,Listing not found for SKU
2025-11-28T20:44:34.552Z,OrderResponseParsing,undefined,692a0996ee91de00e7b1b1dc,Listing not found for SKU
2025-11-28T20:44:34.849Z,OrderResponseParsing,undefined,692a0996ee91de00e7b1b1dc,Listing not found for SKU
2025-11-28T20:44:35.129Z,OrderResponseParsing,undefined,692a0996ee91de00e7b1b1e2,Listing not found for SKU
2025-11-28T20:44:35.420Z,OrderResponseParsing,undefined,692a0996ee91de00e7b1b1e2,Listing not found for SKU
2025-11-28T20:44:35.710Z,OrderResponseParsing,undefined,692a0996ee91de00e7b1b1e2,Listing not found for SKU
2025-11-28T20:44:36.017Z,OrderResponseParsing,undefined,692a0996ee91de00e7b1b1e2,Listing not found for SKU
2025-11-28T20:44:36.319Z,OrderResponseParsing,undefined,692a0996ee91de00e7b1b1e2,Listing not found for SKU
2025-11-28T20:44:36.631Z,OrderResponseParsing,undefined,692a0996ee91de00e7b1b1e2,Listing not found for SKU
2025-11-28T20:44:36.931Z,OrderResponseParsing,undefined,692a0996ee91de00e7b1b1e2,Listing not found for SKU
2025-11-28T20:44:37.406Z,OrderResponseParsing,undefined,692a0996ee91de00e7b1b1e2,Listing not found for SKU
2025-11-28T20:44:37.718Z,OrderResponseParsing,undefined,692a0996ee91de00e7b1b1e2,Listing not found for SKU
2025-11-28T20:44:38.041Z,OrderResponseParsing,undefined,692a0996ee91de00e7b1b1e2,Listing not found for SKU
2025-11-28T20:44:38.360Z,OrderResponseParsing,undefined,692a0996ee91de00e7b1b1e2,Listing not found for SKU
2025-11-28T20:44:38.671Z,OrderResponseParsing,undefined,692a0996ee91de00e7b1b1e2,Listing not found for SKU
2025-11-28T20:44:38.970Z,OrderResponseParsing,undefined,692a0996ee91de00e7b1b1e2,Listing not found for SKU
2025-11-28T20:44:39.285Z,OrderResponseParsing,undefined,692a0996ee91de00e7b1b1e2,Listing not found for SKU
2025-11-28T20:44:39.595Z,OrderResponseParsing,undefined,692a0996ee91de00e7b1b1e2,Listing not found for SKU
2025-11-28T20:52:51.810Z,OrderResponseParsing,undefined,692a0b97ae92bc7a9085e770,Listing not found for SKU
2025-11-28T20:52:52.107Z,OrderResponseParsing,undefined,692a0b97ae92bc7a9085e770,Listing not found for SKU
2025-11-28T20:52:52.427Z,OrderResponseParsing,undefined,692a0b97ae92bc7a9085e770,Listing not found for SKU
2025-11-28T20:52:52.745Z,OrderResponseParsing,undefined,692a0b97ae92bc7a9085e770,Listing not found for SKU
2025-11-28T20:52:53.047Z,OrderResponseParsing,undefined,692a0b97ae92bc7a9085e770,Listing not found for SKU
2025-11-28T20:52:53.361Z,OrderResponseParsing,undefined,692a0b97ae92bc7a9085e770,Listing not found for SKU
2025-11-28T20:52:53.658Z,OrderResponseParsing,undefined,692a0b97ae92bc7a9085e770,Listing not found for SKU
2025-11-28T20:52:53.945Z,OrderResponseParsing,undefined,692a0b97ae92bc7a9085e770,Listing not found for SKU
2025-11-28T20:52:54.245Z,OrderResponseParsing,undefined,692a0b97ae92bc7a9085e770,Listing not found for SKU
2025-11-28T20:52:54.546Z,OrderResponseParsing,undefined,692a0b97ae92bc7a9085e770,Listing not found for SKU
2025-11-28T20:52:54.845Z,OrderResponseParsing,undefined,692a0b97ae92bc7a9085e770,Listing not found for SKU
2025-11-28T20:52:55.154Z,OrderResponseParsing,undefined,692a0b97ae92bc7a9085e770,Listing not found for SKU
2025-11-28T20:52:55.436Z,OrderResponseParsing,undefined,692a0b97ae92bc7a9085e770,Listing not found for SKU
2025-11-28T20:52:55.718Z,OrderResponseParsing,undefined,692a0b97ae92bc7a9085e770,Listing not found for SKU
2025-11-28T20:52:55.985Z,OrderResponseParsing,undefined,692a0b97ae92bc7a9085e770,Listing not found for SKU
2025-11-28T20:52:56.280Z,OrderResponseParsing,undefined,692a0b98ae92bc7a9085e77a,Listing not found for SKU
2025-11-28T20:52:56.604Z,OrderResponseParsing,undefined,692a0b98ae92bc7a9085e77a,Listing not found for SKU
2025-11-28T20:52:56.903Z,OrderResponseParsing,undefined,692a0b98ae92bc7a9085e77a,Listing not found for SKU
2025-11-28T20:52:57.202Z,OrderResponseParsing,undefined,692a0b98ae92bc7a9085e77a,Listing not found for SKU
2025-11-28T20:52:57.512Z,OrderResponseParsing,undefined,692a0b98ae92bc7a9085e77a,Listing not found for SKU
2025-11-28T20:52:57.818Z,OrderResponseParsing,undefined,692a0b98ae92bc7a9085e77a,Listing not found for SKU
2025-11-28T20:52:58.116Z,OrderResponseParsing,undefined,692a0b98ae92bc7a9085e77a,Listing not found for SKU
2025-11-28T20:52:58.404Z,OrderResponseParsing,undefined,692a0b98ae92bc7a9085e77a,Listing not found for SKU
2025-11-28T20:52:58.705Z,OrderResponseParsing,undefined,692a0b98ae92bc7a9085e77a,Listing not found for SKU
2025-11-28T20:52:59.018Z,OrderResponseParsing,undefined,692a0b98ae92bc7a9085e77a,Listing not found for SKU
2025-11-28T20:52:59.279Z,OrderResponseParsing,undefined,692a0b98ae92bc7a9085e77a,Listing not found for SKU
2025-11-28T20:52:59.567Z,OrderResponseParsing,undefined,692a0b98ae92bc7a9085e77a,Listing not found for SKU
2025-11-28T20:52:59.865Z,OrderResponseParsing,undefined,692a0b98ae92bc7a9085e77a,Listing not found for SKU
2025-11-28T20:53:00.162Z,OrderResponseParsing,undefined,692a0b98ae92bc7a9085e77a,Listing not found for SKU
2025-11-28T20:53:00.626Z,OrderResponseParsing,undefined,692a0b98ae92bc7a9085e77a,Listing not found for SKU
2025-11-28T20:53:00.932Z,OrderResponseParsing,undefined,692a0b99ae92bc7a9085e780,Listing not found for SKU
2025-11-28T20:53:01.221Z,OrderResponseParsing,undefined,692a0b99ae92bc7a9085e780,Listing not found for SKU
2025-11-28T20:53:01.524Z,OrderResponseParsing,undefined,692a0b99ae92bc7a9085e780,Listing not found for SKU
2025-11-28T20:53:01.823Z,OrderResponseParsing,undefined,692a0b99ae92bc7a9085e780,Listing not found for SKU
2025-11-28T20:53:02.122Z,OrderResponseParsing,undefined,692a0b99ae92bc7a9085e780,Listing not found for SKU
2025-11-28T20:53:02.433Z,OrderResponseParsing,undefined,692a0b99ae92bc7a9085e780,Listing not found for SKU
2025-11-28T20:53:02.720Z,OrderResponseParsing,undefined,692a0b99ae92bc7a9085e780,Listing not found for SKU
2025-11-28T20:53:03.018Z,OrderResponseParsing,undefined,692a0b99ae92bc7a9085e780,Listing not found for SKU
2025-11-28T20:53:03.339Z,OrderResponseParsing,undefined,692a0b99ae92bc7a9085e780,Listing not found for SKU
2025-11-28T20:53:03.619Z,OrderResponseParsing,undefined,692a0b99ae92bc7a9085e780,Listing not found for SKU
2025-11-28T20:53:03.918Z,OrderResponseParsing,undefined,692a0b99ae92bc7a9085e780,Listing not found for SKU
2025-11-28T20:53:04.199Z,OrderResponseParsing,undefined,692a0b99ae92bc7a9085e780,Listing not found for SKU
2025-11-28T20:53:04.501Z,OrderResponseParsing,undefined,692a0b99ae92bc7a9085e780,Listing not found for SKU
2025-11-28T20:53:04.819Z,OrderResponseParsing,undefined,692a0b99ae92bc7a9085e780,Listing not found for SKU
2025-11-28T20:53:05.126Z,OrderResponseParsing,undefined,692a0b99ae92bc7a9085e780,Listing not found for SKU
2025-11-28T20:53:05.435Z,OrderResponseParsing,undefined,692a0b99ae92bc7a9085e786,Listing not found for SKU
2025-11-28T20:53:05.720Z,OrderResponseParsing,undefined,692a0b99ae92bc7a9085e786,Listing not found for SKU
2025-11-28T20:53:06.028Z,OrderResponseParsing,undefined,692a0b99ae92bc7a9085e786,Listing not found for SKU
2025-11-28T20:53:06.320Z,OrderResponseParsing,undefined,692a0b99ae92bc7a9085e786,Listing not found for SKU
2025-11-28T20:53:06.607Z,OrderResponseParsing,undefined,692a0b99ae92bc7a9085e786,Listing not found for SKU
2025-11-28T20:53:06.916Z,OrderResponseParsing,undefined,692a0b99ae92bc7a9085e786,Listing not found for SKU
2025-11-28T20:53:07.225Z,OrderResponseParsing,undefined,692a0b99ae92bc7a9085e786,Listing not found for SKU
2025-11-28T20:53:07.545Z,OrderResponseParsing,undefined,692a0b99ae92bc7a9085e786,Listing not found for SKU
2025-11-28T20:53:07.838Z,OrderResponseParsing,undefined,692a0b99ae92bc7a9085e786,Listing not found for SKU
2025-11-28T20:53:08.152Z,OrderResponseParsing,undefined,692a0b99ae92bc7a9085e786,Listing not found for SKU
2025-11-28T20:53:08.438Z,OrderResponseParsing,undefined,692a0b99ae92bc7a9085e786,Listing not found for SKU
2025-11-28T20:53:08.750Z,OrderResponseParsing,undefined,692a0b99ae92bc7a9085e786,Listing not found for SKU
2025-11-28T20:53:09.065Z,OrderResponseParsing,undefined,692a0b99ae92bc7a9085e786,Listing not found for SKU
2025-11-28T20:53:09.356Z,OrderResponseParsing,undefined,692a0b99ae92bc7a9085e786,Listing not found for SKU
2025-11-28T20:53:09.650Z,OrderResponseParsing,undefined,692a0b99ae92bc7a9085e786,Listing not found for SKU
2025-11-28T20:53:09.957Z,OrderResponseParsing,undefined,692a0b9aae92bc7a9085e78c,Listing not found for SKU
2025-11-28T20:53:10.267Z,OrderResponseParsing,undefined,692a0b9aae92bc7a9085e78c,Listing not found for SKU
2025-11-28T20:53:10.564Z,OrderResponseParsing,undefined,692a0b9aae92bc7a9085e78c,Listing not found for SKU
2025-11-28T20:53:10.864Z,OrderResponseParsing,undefined,692a0b9aae92bc7a9085e78c,Listing not found for SKU
2025-11-28T20:53:11.160Z,OrderResponseParsing,undefined,692a0b9aae92bc7a9085e78c,Listing not found for SKU
2025-11-28T20:53:11.441Z,OrderResponseParsing,undefined,692a0b9aae92bc7a9085e78c,Listing not found for SKU
2025-11-28T20:53:11.749Z,OrderResponseParsing,undefined,692a0b9aae92bc7a9085e78c,Listing not found for SKU
2025-11-28T20:53:12.045Z,OrderResponseParsing,undefined,692a0b9aae92bc7a9085e78c,Listing not found for SKU
2025-11-28T20:53:12.339Z,OrderResponseParsing,undefined,692a0b9aae92bc7a9085e78c,Listing not found for SKU
2025-11-28T20:53:12.658Z,OrderResponseParsing,undefined,692a0b9aae92bc7a9085e78c,Listing not found for SKU
2025-11-28T20:53:12.974Z,OrderResponseParsing,undefined,692a0b9aae92bc7a9085e78c,Listing not found for SKU
2025-11-28T20:53:13.282Z,OrderResponseParsing,undefined,692a0b9aae92bc7a9085e78c,Listing not found for SKU
2025-11-28T20:53:13.593Z,OrderResponseParsing,undefined,692a0b9aae92bc7a9085e78c,Listing not found for SKU
2025-11-28T20:53:13.894Z,OrderResponseParsing,undefined,692a0b9aae92bc7a9085e78c,Listing not found for SKU
2025-11-28T20:53:14.177Z,OrderResponseParsing,undefined,692a0b9aae92bc7a9085e78c,Listing not found for SKU
2025-11-28T20:53:26.256Z,OrderResponseParsing,undefined,692a0bbaae92bc7a9085e82a,Listing not found for SKU
2025-11-28T20:53:26.537Z,OrderResponseParsing,undefined,692a0bbaae92bc7a9085e82a,Listing not found for SKU
2025-11-28T20:53:26.840Z,OrderResponseParsing,undefined,692a0bbaae92bc7a9085e82a,Listing not found for SKU
2025-11-28T20:53:27.142Z,OrderResponseParsing,undefined,692a0bbaae92bc7a9085e82a,Listing not found for SKU
2025-11-28T20:53:27.473Z,OrderResponseParsing,undefined,692a0bbaae92bc7a9085e82a,Listing not found for SKU
2025-11-28T20:53:27.809Z,OrderResponseParsing,undefined,692a0bbaae92bc7a9085e82a,Listing not found for SKU
2025-11-28T20:53:28.108Z,OrderResponseParsing,undefined,692a0bbaae92bc7a9085e82a,Listing not found for SKU
2025-11-28T20:53:28.448Z,OrderResponseParsing,undefined,692a0bbaae92bc7a9085e82a,Listing not found for SKU
2025-11-28T20:53:28.824Z,OrderResponseParsing,undefined,692a0bbaae92bc7a9085e82a,Listing not found for SKU
2025-11-28T20:53:29.145Z,OrderResponseParsing,undefined,692a0bbaae92bc7a9085e82a,Listing not found for SKU
2025-11-28T20:53:29.469Z,OrderResponseParsing,undefined,692a0bbaae92bc7a9085e82a,Listing not found for SKU
2025-11-28T20:53:29.790Z,OrderResponseParsing,undefined,692a0bbaae92bc7a9085e82a,Listing not found for SKU
2025-11-28T20:53:30.063Z,OrderResponseParsing,undefined,692a0bbaae92bc7a9085e82a,Listing not found for SKU
2025-11-28T20:53:30.367Z,OrderResponseParsing,undefined,692a0bbaae92bc7a9085e82a,Listing not found for SKU
2025-11-28T20:53:30.706Z,OrderResponseParsing,undefined,692a0bbaae92bc7a9085e82a,Listing not found for SKU
2025-11-28T20:53:31.026Z,OrderResponseParsing,undefined,692a0bbbae92bc7a9085e830,Listing not found for SKU
2025-11-28T20:53:31.326Z,OrderResponseParsing,undefined,692a0bbbae92bc7a9085e830,Listing not found for SKU
2025-11-28T20:53:31.634Z,OrderResponseParsing,undefined,692a0bbbae92bc7a9085e830,Listing not found for SKU
2025-11-28T20:53:31.927Z,OrderResponseParsing,undefined,692a0bbbae92bc7a9085e830,Listing not found for SKU
2025-11-28T20:53:32.301Z,OrderResponseParsing,undefined,692a0bbbae92bc7a9085e830,Listing not found for SKU
2025-11-28T20:53:32.685Z,OrderResponseParsing,undefined,692a0bbbae92bc7a9085e830,Listing not found for SKU
2025-11-28T20:53:33.000Z,OrderResponseParsing,undefined,692a0bbbae92bc7a9085e830,Listing not found for SKU
2025-11-28T20:53:33.311Z,OrderResponseParsing,undefined,692a0bbbae92bc7a9085e830,Listing not found for SKU
2025-11-28T20:53:33.601Z,OrderResponseParsing,undefined,692a0bbbae92bc7a9085e830,Listing not found for SKU
2025-11-28T20:53:33.898Z,OrderResponseParsing,undefined,692a0bbbae92bc7a9085e830,Listing not found for SKU
2025-11-28T20:53:34.197Z,OrderResponseParsing,undefined,692a0bbbae92bc7a9085e830,Listing not found for SKU
2025-11-28T20:53:34.494Z,OrderResponseParsing,undefined,692a0bbbae92bc7a9085e830,Listing not found for SKU
2025-11-28T20:53:34.777Z,OrderResponseParsing,undefined,692a0bbbae92bc7a9085e830,Listing not found for SKU
2025-11-28T20:53:35.096Z,OrderResponseParsing,undefined,692a0bbbae92bc7a9085e830,Listing not found for SKU
2025-11-28T20:53:35.407Z,OrderResponseParsing,undefined,692a0bbbae92bc7a9085e830,Listing not found for SKU
2025-11-28T20:53:35.729Z,OrderResponseParsing,undefined,692a0bbbae92bc7a9085e836,Listing not found for SKU
2025-11-28T20:53:36.027Z,OrderResponseParsing,undefined,692a0bbbae92bc7a9085e836,Listing not found for SKU
2025-11-28T20:53:36.347Z,OrderResponseParsing,undefined,692a0bbbae92bc7a9085e836,Listing not found for SKU
2025-11-28T20:53:36.647Z,OrderResponseParsing,undefined,692a0bbbae92bc7a9085e836,Listing not found for SKU
2025-11-28T20:53:36.941Z,OrderResponseParsing,undefined,692a0bbbae92bc7a9085e836,Listing not found for SKU
2025-11-28T20:53:37.250Z,OrderResponseParsing,undefined,692a0bbbae92bc7a9085e836,Listing not found for SKU
2025-11-28T20:53:37.553Z,OrderResponseParsing,undefined,692a0bbbae92bc7a9085e836,Listing not found for SKU
2025-11-28T20:53:37.889Z,OrderResponseParsing,undefined,692a0bbbae92bc7a9085e836,Listing not found for SKU
2025-11-28T20:53:38.212Z,OrderResponseParsing,undefined,692a0bbbae92bc7a9085e836,Listing not found for SKU
2025-11-28T20:53:38.543Z,OrderResponseParsing,undefined,692a0bbbae92bc7a9085e836,Listing not found for SKU
2025-11-28T20:53:38.881Z,OrderResponseParsing,undefined,692a0bbbae92bc7a9085e836,Listing not found for SKU
2025-11-28T20:53:39.254Z,OrderResponseParsing,undefined,692a0bbbae92bc7a9085e836,Listing not found for SKU
2025-11-28T20:53:39.629Z,OrderResponseParsing,undefined,692a0bbbae92bc7a9085e836,Listing not found for SKU
2025-11-28T20:53:39.926Z,OrderResponseParsing,undefined,692a0bbbae92bc7a9085e836,Listing not found for SKU
2025-11-28T20:53:40.233Z,OrderResponseParsing,undefined,692a0bbbae92bc7a9085e836,Listing not found for SKU
2025-11-28T20:53:40.544Z,OrderResponseParsing,undefined,692a0bbcae92bc7a9085e83c,Listing not found for SKU
2025-11-28T20:53:40.852Z,OrderResponseParsing,undefined,692a0bbcae92bc7a9085e83c,Listing not found for SKU
2025-11-28T20:53:41.163Z,OrderResponseParsing,undefined,692a0bbcae92bc7a9085e83c,Listing not found for SKU
2025-11-28T20:53:41.465Z,OrderResponseParsing,undefined,692a0bbcae92bc7a9085e83c,Listing not found for SKU
2025-11-28T20:53:41.770Z,OrderResponseParsing,undefined,692a0bbcae92bc7a9085e83c,Listing not found for SKU
2025-11-28T20:53:42.116Z,OrderResponseParsing,undefined,692a0bbcae92bc7a9085e83c,Listing not found for SKU
2025-11-28T20:53:42.467Z,OrderResponseParsing,undefined,692a0bbcae92bc7a9085e83c,Listing not found for SKU
2025-11-28T20:53:42.777Z,OrderResponseParsing,undefined,692a0bbcae92bc7a9085e83c,Listing not found for SKU
2025-11-28T20:53:43.107Z,OrderResponseParsing,undefined,692a0bbcae92bc7a9085e83c,Listing not found for SKU
2025-11-28T20:53:43.396Z,OrderResponseParsing,undefined,692a0bbcae92bc7a9085e83c,Listing not found for SKU
2025-11-28T20:53:43.695Z,OrderResponseParsing,undefined,692a0bbcae92bc7a9085e83c,Listing not found for SKU
2025-11-28T20:53:44.014Z,OrderResponseParsing,undefined,692a0bbcae92bc7a9085e83c,Listing not found for SKU
2025-11-28T20:53:44.317Z,OrderResponseParsing,undefined,692a0bbcae92bc7a9085e83c,Listing not found for SKU
2025-11-28T20:53:44.622Z,OrderResponseParsing,undefined,692a0bbcae92bc7a9085e83c,Listing not found for SKU
2025-11-28T20:53:44.930Z,OrderResponseParsing,undefined,692a0bbcae92bc7a9085e83c,Listing not found for SKU
2025-11-28T20:53:45.226Z,OrderResponseParsing,undefined,692a0bbdae92bc7a9085e842,Listing not found for SKU
2025-11-28T20:53:45.549Z,OrderResponseParsing,undefined,692a0bbdae92bc7a9085e842,Listing not found for SKU
2025-11-28T20:53:45.859Z,OrderResponseParsing,undefined,692a0bbdae92bc7a9085e842,Listing not found for SKU
2025-11-28T20:53:46.165Z,OrderResponseParsing,undefined,692a0bbdae92bc7a9085e842,Listing not found for SKU
2025-11-28T20:53:46.489Z,OrderResponseParsing,undefined,692a0bbdae92bc7a9085e842,Listing not found for SKU
2025-11-28T20:53:46.785Z,OrderResponseParsing,undefined,692a0bbdae92bc7a9085e842,Listing not found for SKU
2025-11-28T20:53:47.073Z,OrderResponseParsing,undefined,692a0bbdae92bc7a9085e842,Listing not found for SKU
2025-11-28T20:53:47.368Z,OrderResponseParsing,undefined,692a0bbdae92bc7a9085e842,Listing not found for SKU
2025-11-28T20:53:47.668Z,OrderResponseParsing,undefined,692a0bbdae92bc7a9085e842,Listing not found for SKU
2025-11-28T20:53:47.957Z,OrderResponseParsing,undefined,692a0bbdae92bc7a9085e842,Listing not found for SKU
2025-11-28T20:53:48.254Z,OrderResponseParsing,undefined,692a0bbdae92bc7a9085e842,Listing not found for SKU
2025-11-28T20:53:48.556Z,OrderResponseParsing,undefined,692a0bbdae92bc7a9085e842,Listing not found for SKU
2025-11-28T20:53:48.892Z,OrderResponseParsing,undefined,692a0bbdae92bc7a9085e842,Listing not found for SKU
2025-11-28T20:53:49.203Z,OrderResponseParsing,undefined,692a0bbdae92bc7a9085e842,Listing not found for SKU
2025-11-28T20:53:49.799Z,OrderResponseParsing,undefined,692a0bbdae92bc7a9085e842,Listing not found for SKU
2025-11-28T20:58:49.247Z,OrderResponseParsing,undefined,692a0cfde109040d16bbaf22,Listing not found for SKU
2025-11-28T20:58:49.536Z,OrderResponseParsing,undefined,692a0cfde109040d16bbaf22,Listing not found for SKU
2025-11-28T20:58:49.864Z,OrderResponseParsing,undefined,692a0cfde109040d16bbaf22,Listing not found for SKU
2025-11-28T20:58:50.172Z,OrderResponseParsing,undefined,692a0cfde109040d16bbaf22,Listing not found for SKU
2025-11-28T20:58:50.473Z,OrderResponseParsing,undefined,692a0cfde109040d16bbaf22,Listing not found for SKU
2025-11-28T20:58:50.773Z,OrderResponseParsing,undefined,692a0cfde109040d16bbaf22,Listing not found for SKU
2025-11-28T20:58:51.151Z,OrderResponseParsing,undefined,692a0cfde109040d16bbaf22,Listing not found for SKU
2025-11-28T20:58:51.444Z,OrderResponseParsing,undefined,692a0cfde109040d16bbaf22,Listing not found for SKU
2025-11-28T20:58:51.738Z,OrderResponseParsing,undefined,692a0cfde109040d16bbaf22,Listing not found for SKU
2025-11-28T20:58:52.047Z,OrderResponseParsing,undefined,692a0cfde109040d16bbaf22,Listing not found for SKU
2025-11-28T20:58:52.352Z,OrderResponseParsing,undefined,692a0cfde109040d16bbaf22,Listing not found for SKU
2025-11-28T20:58:52.649Z,OrderResponseParsing,undefined,692a0cfde109040d16bbaf22,Listing not found for SKU
2025-11-28T20:58:52.947Z,OrderResponseParsing,undefined,692a0cfde109040d16bbaf22,Listing not found for SKU
2025-11-28T20:58:53.244Z,OrderResponseParsing,undefined,692a0cfde109040d16bbaf22,Listing not found for SKU
2025-11-28T20:58:53.553Z,OrderResponseParsing,undefined,692a0cfde109040d16bbaf22,Listing not found for SKU
2025-11-28T20:58:53.877Z,OrderResponseParsing,undefined,692a0cfee109040d16bbaf2a,Listing not found for SKU
2025-11-28T20:58:54.207Z,OrderResponseParsing,undefined,692a0cfee109040d16bbaf2a,Listing not found for SKU
2025-11-28T20:58:54.514Z,OrderResponseParsing,undefined,692a0cfee109040d16bbaf2a,Listing not found for SKU
2025-11-28T20:58:54.820Z,OrderResponseParsing,undefined,692a0cfee109040d16bbaf2a,Listing not found for SKU
2025-11-28T20:58:55.137Z,OrderResponseParsing,undefined,692a0cfee109040d16bbaf2a,Listing not found for SKU
2025-11-28T20:58:55.448Z,OrderResponseParsing,undefined,692a0cfee109040d16bbaf2a,Listing not found for SKU
2025-11-28T20:58:55.739Z,OrderResponseParsing,undefined,692a0cfee109040d16bbaf2a,Listing not found for SKU
2025-11-28T20:58:56.047Z,OrderResponseParsing,undefined,692a0cfee109040d16bbaf2a,Listing not found for SKU
2025-11-28T20:58:56.345Z,OrderResponseParsing,undefined,692a0cfee109040d16bbaf2a,Listing not found for SKU
2025-11-28T20:58:56.651Z,OrderResponseParsing,undefined,692a0cfee109040d16bbaf2a,Listing not found for SKU
2025-11-28T20:58:56.947Z,OrderResponseParsing,undefined,692a0cfee109040d16bbaf2a,Listing not found for SKU
2025-11-28T20:58:57.264Z,OrderResponseParsing,undefined,692a0cfee109040d16bbaf2a,Listing not found for SKU
2025-11-28T20:58:57.584Z,OrderResponseParsing,undefined,692a0cfee109040d16bbaf2a,Listing not found for SKU
2025-11-28T20:58:57.891Z,OrderResponseParsing,undefined,692a0cfee109040d16bbaf2a,Listing not found for SKU
2025-11-28T20:58:58.184Z,OrderResponseParsing,undefined,692a0cfee109040d16bbaf2a,Listing not found for SKU
2025-11-28T20:58:58.816Z,OrderResponseParsing,undefined,692a0cffe109040d16bbaf30,Listing not found for SKU
2025-11-28T20:58:59.124Z,OrderResponseParsing,undefined,692a0cffe109040d16bbaf30,Listing not found for SKU
2025-11-28T20:58:59.430Z,OrderResponseParsing,undefined,692a0cffe109040d16bbaf30,Listing not found for SKU
2025-11-28T20:58:59.738Z,OrderResponseParsing,undefined,692a0cffe109040d16bbaf30,Listing not found for SKU
2025-11-28T20:59:00.043Z,OrderResponseParsing,undefined,692a0cffe109040d16bbaf30,Listing not found for SKU
2025-11-28T20:59:00.358Z,OrderResponseParsing,undefined,692a0cffe109040d16bbaf30,Listing not found for SKU
2025-11-28T20:59:00.675Z,OrderResponseParsing,undefined,692a0cffe109040d16bbaf30,Listing not found for SKU
2025-11-28T20:59:00.964Z,OrderResponseParsing,undefined,692a0cffe109040d16bbaf30,Listing not found for SKU
2025-11-28T20:59:01.258Z,OrderResponseParsing,undefined,692a0cffe109040d16bbaf30,Listing not found for SKU
2025-11-28T20:59:01.555Z,OrderResponseParsing,undefined,692a0cffe109040d16bbaf30,Listing not found for SKU
2025-11-28T20:59:01.841Z,OrderResponseParsing,undefined,692a0cffe109040d16bbaf30,Listing not found for SKU
2025-11-28T20:59:02.164Z,OrderResponseParsing,undefined,692a0cffe109040d16bbaf30,Listing not found for SKU
2025-11-28T20:59:02.471Z,OrderResponseParsing,undefined,692a0cffe109040d16bbaf30,Listing not found for SKU
2025-11-28T20:59:02.763Z,OrderResponseParsing,undefined,692a0cffe109040d16bbaf30,Listing not found for SKU
2025-11-28T20:59:03.057Z,OrderResponseParsing,undefined,692a0cffe109040d16bbaf30,Listing not found for SKU
2025-11-28T20:59:03.359Z,OrderResponseParsing,undefined,692a0cffe109040d16bbaf36,Listing not found for SKU
2025-11-28T20:59:03.663Z,OrderResponseParsing,undefined,692a0cffe109040d16bbaf36,Listing not found for SKU
2025-11-28T20:59:03.972Z,OrderResponseParsing,undefined,692a0cffe109040d16bbaf36,Listing not found for SKU
2025-11-28T20:59:04.340Z,OrderResponseParsing,undefined,692a0cffe109040d16bbaf36,Listing not found for SKU
2025-11-28T20:59:04.664Z,OrderResponseParsing,undefined,692a0cffe109040d16bbaf36,Listing not found for SKU
2025-11-28T20:59:05.024Z,OrderResponseParsing,undefined,692a0cffe109040d16bbaf36,Listing not found for SKU
2025-11-28T20:59:05.327Z,OrderResponseParsing,undefined,692a0cffe109040d16bbaf36,Listing not found for SKU
2025-11-28T20:59:06.217Z,OrderResponseParsing,undefined,692a0cffe109040d16bbaf36,Listing not found for SKU
2025-11-28T20:59:08.094Z,OrderResponseParsing,undefined,692a0cffe109040d16bbaf36,Listing not found for SKU
2025-11-28T20:59:08.378Z,OrderResponseParsing,undefined,692a0cffe109040d16bbaf36,Listing not found for SKU
2025-11-28T20:59:08.710Z,OrderResponseParsing,undefined,692a0cffe109040d16bbaf36,Listing not found for SKU
2025-11-28T20:59:09.317Z,OrderResponseParsing,undefined,692a0cffe109040d16bbaf36,Listing not found for SKU
2025-11-28T20:59:09.618Z,OrderResponseParsing,undefined,692a0cffe109040d16bbaf36,Listing not found for SKU
2025-11-28T20:59:09.947Z,OrderResponseParsing,undefined,692a0cffe109040d16bbaf36,Listing not found for SKU
2025-11-28T20:59:10.550Z,OrderResponseParsing,undefined,692a0cffe109040d16bbaf36,Listing not found for SKU
2025-11-28T20:59:10.886Z,OrderResponseParsing,undefined,692a0d00e109040d16bbaf3c,Listing not found for SKU
2025-11-28T20:59:11.333Z,OrderResponseParsing,undefined,692a0d00e109040d16bbaf3c,Listing not found for SKU
2025-11-28T20:59:11.684Z,OrderResponseParsing,undefined,692a0d00e109040d16bbaf3c,Listing not found for SKU
2025-11-28T20:59:12.233Z,OrderResponseParsing,undefined,692a0d00e109040d16bbaf3c,Listing not found for SKU
2025-11-28T20:59:12.618Z,OrderResponseParsing,undefined,692a0d00e109040d16bbaf3c,Listing not found for SKU
2025-11-28T20:59:13.033Z,OrderResponseParsing,undefined,692a0d00e109040d16bbaf3c,Listing not found for SKU
2025-11-28T20:59:13.852Z,OrderResponseParsing,undefined,692a0d00e109040d16bbaf3c,Listing not found for SKU
2025-11-28T20:59:14.352Z,OrderResponseParsing,undefined,692a0d00e109040d16bbaf3c,Listing not found for SKU
2025-11-28T20:59:14.919Z,OrderResponseParsing,undefined,692a0d00e109040d16bbaf3c,Listing not found for SKU
2025-11-28T20:59:15.510Z,OrderResponseParsing,undefined,692a0d00e109040d16bbaf3c,Listing not found for SKU
2025-11-28T20:59:16.052Z,OrderResponseParsing,undefined,692a0d00e109040d16bbaf3c,Listing not found for SKU
2025-11-28T20:59:16.617Z,OrderResponseParsing,undefined,692a0d00e109040d16bbaf3c,Listing not found for SKU
2025-11-28T20:59:17.186Z,OrderResponseParsing,undefined,692a0d00e109040d16bbaf3c,Listing not found for SKU
2025-11-28T20:59:17.833Z,OrderResponseParsing,undefined,692a0d00e109040d16bbaf3c,Listing not found for SKU
2025-11-28T20:59:18.872Z,OrderResponseParsing,undefined,692a0d00e109040d16bbaf3c,Listing not found for SKU
2025-11-28T20:59:41.506Z,OrderResponseParsing,undefined,692a0d27e109040d16bbafda,Listing not found for SKU
2025-11-28T20:59:42.054Z,OrderResponseParsing,undefined,692a0d27e109040d16bbafda,Listing not found for SKU
2025-11-28T20:59:42.385Z,OrderResponseParsing,undefined,692a0d27e109040d16bbafda,Listing not found for SKU
2025-11-28T20:59:42.706Z,OrderResponseParsing,undefined,692a0d27e109040d16bbafda,Listing not found for SKU
2025-11-28T20:59:42.998Z,OrderResponseParsing,undefined,692a0d27e109040d16bbafda,Listing not found for SKU
2025-11-28T20:59:43.310Z,OrderResponseParsing,undefined,692a0d27e109040d16bbafda,Listing not found for SKU
2025-11-28T20:59:43.623Z,OrderResponseParsing,undefined,692a0d27e109040d16bbafda,Listing not found for SKU
2025-11-28T20:59:43.917Z,OrderResponseParsing,undefined,692a0d27e109040d16bbafda,Listing not found for SKU
2025-11-28T20:59:44.238Z,OrderResponseParsing,undefined,692a0d27e109040d16bbafda,Listing not found for SKU
2025-11-28T20:59:44.578Z,OrderResponseParsing,undefined,692a0d27e109040d16bbafda,Listing not found for SKU
2025-11-28T20:59:44.928Z,OrderResponseParsing,undefined,692a0d27e109040d16bbafda,Listing not found for SKU
2025-11-28T20:59:45.249Z,OrderResponseParsing,undefined,692a0d27e109040d16bbafda,Listing not found for SKU
2025-11-28T20:59:45.580Z,OrderResponseParsing,undefined,692a0d27e109040d16bbafda,Listing not found for SKU
2025-11-28T20:59:45.887Z,OrderResponseParsing,undefined,692a0d27e109040d16bbafda,Listing not found for SKU
2025-11-28T20:59:46.217Z,OrderResponseParsing,undefined,692a0d27e109040d16bbafda,Listing not found for SKU
2025-11-28T20:59:46.526Z,OrderResponseParsing,undefined,692a0d2be109040d16bbafe0,Listing not found for SKU
2025-11-28T20:59:46.825Z,OrderResponseParsing,undefined,692a0d2be109040d16bbafe0,Listing not found for SKU
2025-11-28T20:59:47.282Z,OrderResponseParsing,undefined,692a0d2be109040d16bbafe0,Listing not found for SKU
2025-11-28T20:59:47.628Z,OrderResponseParsing,undefined,692a0d2be109040d16bbafe0,Listing not found for SKU
2025-11-28T20:59:47.965Z,OrderResponseParsing,undefined,692a0d2be109040d16bbafe0,Listing not found for SKU
2025-11-28T20:59:48.271Z,OrderResponseParsing,undefined,692a0d2be109040d16bbafe0,Listing not found for SKU
2025-11-28T20:59:48.644Z,OrderResponseParsing,undefined,692a0d2be109040d16bbafe0,Listing not found for SKU
2025-11-28T20:59:49.044Z,OrderResponseParsing,undefined,692a0d2be109040d16bbafe0,Listing not found for SKU
2025-11-28T20:59:49.354Z,OrderResponseParsing,undefined,692a0d2be109040d16bbafe0,Listing not found for SKU
2025-11-28T20:59:49.713Z,OrderResponseParsing,undefined,692a0d2be109040d16bbafe0,Listing not found for SKU
2025-11-28T20:59:50.016Z,OrderResponseParsing,undefined,692a0d2be109040d16bbafe0,Listing not found for SKU
2025-11-28T20:59:50.319Z,OrderResponseParsing,undefined,692a0d2be109040d16bbafe0,Listing not found for SKU
2025-11-28T20:59:50.624Z,OrderResponseParsing,undefined,692a0d2be109040d16bbafe0,Listing not found for SKU
2025-11-28T20:59:51.093Z,OrderResponseParsing,undefined,692a0d2be109040d16bbafe0,Listing not found for SKU
2025-11-28T20:59:51.474Z,OrderResponseParsing,undefined,692a0d2be109040d16bbafe0,Listing not found for SKU
2025-11-28T20:59:51.822Z,OrderResponseParsing,undefined,692a0d2ee109040d16bbafe6,Listing not found for SKU
2025-11-28T20:59:52.168Z,OrderResponseParsing,undefined,692a0d2ee109040d16bbafe6,Listing not found for SKU
2025-11-28T20:59:52.520Z,OrderResponseParsing,undefined,692a0d2ee109040d16bbafe6,Listing not found for SKU
2025-11-28T20:59:52.851Z,OrderResponseParsing,undefined,692a0d2ee109040d16bbafe6,Listing not found for SKU
2025-11-28T20:59:53.190Z,OrderResponseParsing,undefined,692a0d2ee109040d16bbafe6,Listing not found for SKU
2025-11-28T20:59:53.643Z,OrderResponseParsing,undefined,692a0d2ee109040d16bbafe6,Listing not found for SKU
2025-11-28T20:59:54.242Z,OrderResponseParsing,undefined,692a0d2ee109040d16bbafe6,Listing not found for SKU
2025-11-28T20:59:54.895Z,OrderResponseParsing,undefined,692a0d2ee109040d16bbafe6,Listing not found for SKU
2025-11-28T20:59:55.254Z,OrderResponseParsing,undefined,692a0d2ee109040d16bbafe6,Listing not found for SKU
2025-11-28T20:59:55.602Z,OrderResponseParsing,undefined,692a0d2ee109040d16bbafe6,Listing not found for SKU
2025-11-28T20:59:55.928Z,OrderResponseParsing,undefined,692a0d2ee109040d16bbafe6,Listing not found for SKU
2025-11-28T20:59:56.249Z,OrderResponseParsing,undefined,692a0d2ee109040d16bbafe6,Listing not found for SKU
2025-11-28T20:59:56.567Z,OrderResponseParsing,undefined,692a0d2ee109040d16bbafe6,Listing not found for SKU
2025-11-28T20:59:56.911Z,OrderResponseParsing,undefined,692a0d2ee109040d16bbafe6,Listing not found for SKU
2025-11-28T20:59:57.358Z,OrderResponseParsing,undefined,692a0d2ee109040d16bbafe6,Listing not found for SKU
2025-11-28T20:59:57.712Z,OrderResponseParsing,undefined,692a0d32e109040d16bbafec,Listing not found for SKU
2025-11-28T20:59:58.049Z,OrderResponseParsing,undefined,692a0d32e109040d16bbafec,Listing not found for SKU
2025-11-28T20:59:58.327Z,OrderResponseParsing,undefined,692a0d32e109040d16bbafec,Listing not found for SKU
2025-11-28T20:59:58.634Z,OrderResponseParsing,undefined,692a0d32e109040d16bbafec,Listing not found for SKU
2025-11-28T20:59:58.937Z,OrderResponseParsing,undefined,692a0d32e109040d16bbafec,Listing not found for SKU
2025-11-28T20:59:59.408Z,OrderResponseParsing,undefined,692a0d32e109040d16bbafec,Listing not found for SKU
2025-11-28T20:59:59.762Z,OrderResponseParsing,undefined,692a0d32e109040d16bbafec,Listing not found for SKU
2025-11-28T21:00:00.076Z,OrderResponseParsing,undefined,692a0d32e109040d16bbafec,Listing not found for SKU
2025-11-28T21:00:00.389Z,OrderResponseParsing,undefined,692a0d32e109040d16bbafec,Listing not found for SKU
2025-11-28T21:00:00.702Z,OrderResponseParsing,undefined,692a0d32e109040d16bbafec,Listing not found for SKU
2025-11-28T21:00:01.003Z,OrderResponseParsing,undefined,692a0d32e109040d16bbafec,Listing not found for SKU
2025-11-28T21:00:01.347Z,OrderResponseParsing,undefined,692a0d32e109040d16bbafec,Listing not found for SKU
2025-11-28T21:00:01.739Z,OrderResponseParsing,undefined,692a0d32e109040d16bbafec,Listing not found for SKU
2025-11-28T21:00:02.052Z,OrderResponseParsing,undefined,692a0d32e109040d16bbafec,Listing not found for SKU
2025-11-28T21:00:02.343Z,OrderResponseParsing,undefined,692a0d32e109040d16bbafec,Listing not found for SKU
2025-11-28T21:00:02.686Z,OrderResponseParsing,undefined,692a0d33e109040d16bbaff2,Listing not found for SKU
2025-11-28T21:00:03.020Z,OrderResponseParsing,undefined,692a0d33e109040d16bbaff2,Listing not found for SKU
2025-11-28T21:00:03.323Z,OrderResponseParsing,undefined,692a0d33e109040d16bbaff2,Listing not found for SKU
2025-11-28T21:00:03.632Z,OrderResponseParsing,undefined,692a0d33e109040d16bbaff2,Listing not found for SKU
2025-11-28T21:00:03.939Z,OrderResponseParsing,undefined,692a0d33e109040d16bbaff2,Listing not found for SKU
2025-11-28T21:00:04.220Z,OrderResponseParsing,undefined,692a0d33e109040d16bbaff2,Listing not found for SKU
2025-11-28T21:00:04.589Z,OrderResponseParsing,undefined,692a0d33e109040d16bbaff2,Listing not found for SKU
2025-11-28T21:00:04.904Z,OrderResponseParsing,undefined,692a0d33e109040d16bbaff2,Listing not found for SKU
2025-11-28T21:00:05.206Z,OrderResponseParsing,undefined,692a0d33e109040d16bbaff2,Listing not found for SKU
2025-11-28T21:00:05.503Z,OrderResponseParsing,undefined,692a0d33e109040d16bbaff2,Listing not found for SKU
2025-11-28T21:00:05.856Z,OrderResponseParsing,undefined,692a0d33e109040d16bbaff2,Listing not found for SKU
2025-11-28T21:00:06.193Z,OrderResponseParsing,undefined,692a0d33e109040d16bbaff2,Listing not found for SKU
2025-11-28T21:00:06.528Z,OrderResponseParsing,undefined,692a0d33e109040d16bbaff2,Listing not found for SKU
2025-11-28T21:00:06.883Z,OrderResponseParsing,undefined,692a0d33e109040d16bbaff2,Listing not found for SKU
2025-11-28T21:00:07.242Z,OrderResponseParsing,undefined,692a0d33e109040d16bbaff2,Listing not found for SKU
